{
  "task": "informative",
  "modality": "text_only",
  "budget": 50,
  "seed_set": 1,
  "test_error_rate": 16.10169491525424,
  "test_macro_f1": 0.8145299810515114,
  "test_weighted_f1": 0.8376221080042362,
  "test_macro_precision": 0.8203308538556111,
  "test_macro_recall": 0.8096759901371552,
  "test_weighted_precision": 0.8370163225932153,
  "test_weighted_recall": 0.8389830508474576,
  "test_ece": 0.05548540682494251,
  "test_per_class_f1": [
    0.8818747010999521,
    0.7471852610030706
  ],
  "dev_error_rate": 17.101080737444374,
  "dev_macro_f1": 0.8005475389265955,
  "dev_weighted_f1": 0.8263557061719488,
  "dev_ece": 0.048125488357944085,
  "stopping_strategy": "baseline",
  "phase1_seed_strategy": "last",
  "phase1_best_epoch": null,
  "lambda1_mean": 1.0707778922045479,
  "lambda1_std": 0.09993997527853532,
  "lambda2_mean": 0.8140192650210422,
  "lambda2_std": 0.12116686698186367
}