{
  "task": "informative",
  "modality": "text_image",
  "budget": 25,
  "seed_set": 3,
  "test_error_rate": 11.277705345501953,
  "test_macro_f1": 0.8651181820723095,
  "test_weighted_f1": 0.8838413803213029,
  "test_macro_precision": 0.8927671828307525,
  "test_macro_recall": 0.8481314532285406,
  "test_weighted_precision": 0.8886941824308697,
  "test_weighted_recall": 0.8872229465449805,
  "test_ece": 0.066270924337218,
  "test_per_class_f1": [
    0.9197215777262181,
    0.8105147864184009
  ],
  "dev_error_rate": 12.460267005721548,
  "dev_macro_f1": 0.8484794275491949,
  "dev_weighted_f1": 0.8703629107922489,
  "dev_ece": 0.07463029350964646,
  "stopping_strategy": "baseline",
  "phase1_seed_strategy": "last",
  "phase1_best_epoch": null,
  "lambda1_mean": 1.0468383621689263,
  "lambda1_std": 0.09937422468210522,
  "lambda2_mean": 0.8220517688295014,
  "lambda2_std": 0.16492560117200658
}