{
  "task": "informative",
  "modality": "text_only",
  "budget": 25,
  "seed_set": 3,
  "test_error_rate": 16.558018252933504,
  "test_macro_f1": 0.8013358622940121,
  "test_weighted_f1": 0.8291348406053849,
  "test_macro_precision": 0.8263843862262332,
  "test_macro_recall": 0.7870261211280629,
  "test_weighted_precision": 0.8322062000479565,
  "test_weighted_recall": 0.834419817470665,
  "test_ece": 0.09576808741848035,
  "test_per_class_f1": [
    0.8824074074074074,
    0.7202643171806168
  ],
  "dev_error_rate": 17.48251748251748,
  "dev_macro_f1": 0.7878212356816429,
  "dev_weighted_f1": 0.8183266671010752,
  "dev_ece": 0.10514834203010752,
  "stopping_strategy": "baseline",
  "phase1_seed_strategy": "last",
  "phase1_best_epoch": null,
  "lambda1_mean": 1.0753286939772042,
  "lambda1_std": 0.09886714790066443,
  "lambda2_mean": 0.7878759146649544,
  "lambda2_std": 0.1072422805011879
}