{
  "task": "informative",
  "modality": "image_only",
  "budget": 5,
  "seed_set": 1,
  "test_error_rate": 16.81877444589309,
  "test_macro_f1": 0.7818716931216931,
  "test_ece": 0.05284149915640478,
  "test_per_class_f1": [
    0.8862433862433863,
    0.6775
  ],
  "dev_error_rate": 17.546090273363003,
  "dev_macro_f1": 0.7694342123711078,
  "dev_ece": 0.06186818621830054,
  "stopping_strategy": "baseline",
  "phase1_seed_strategy": "last",
  "phase1_best_epoch": null,
  "lambda1_mean": 0.9844087880182693,
  "lambda1_std": 0.0737832070644917,
  "lambda2_mean": 0.6089730502815328,
  "lambda2_std": 0.16072950684073622
}