{
  "task": "informative",
  "modality": "text_only",
  "budget": 25,
  "seed_set": 1,
  "test_error_rate": 16.362451108213815,
  "test_macro_f1": 0.8069380827385295,
  "test_weighted_f1": 0.8327879586155391,
  "test_macro_precision": 0.8233156567303264,
  "test_macro_recall": 0.7960818307905686,
  "test_weighted_precision": 0.8335380849009271,
  "test_weighted_recall": 0.8363754889178618,
  "test_ece": 0.06553612643612405,
  "test_per_class_f1": [
    0.8823253633380216,
    0.7315508021390374
  ],
  "dev_error_rate": 16.02034329307056,
  "dev_macro_f1": 0.8086064243997404,
  "dev_weighted_f1": 0.8350812069176768,
  "dev_ece": 0.07808817698556905,
  "stopping_strategy": "baseline",
  "phase1_seed_strategy": "last",
  "phase1_best_epoch": null,
  "lambda1_mean": 1.0736341792003115,
  "lambda1_std": 0.10132447158716774,
  "lambda2_mean": 0.7953043317050262,
  "lambda2_std": 0.10584431011645387
}