{
  "task": "humanitarian",
  "modality": "text_only",
  "budget": 50,
  "seed_set": 1,
  "test_error_rate": 26.07329842931937,
  "test_macro_f1": 0.6389199438355695,
  "test_weighted_f1": 0.7522661669193116,
  "test_macro_precision": 0.6212921108057886,
  "test_macro_recall": 0.752861270591767,
  "test_weighted_precision": 0.7972303601705725,
  "test_weighted_recall": 0.7392670157068063,
  "test_ece": 0.1974738505186211,
  "test_per_class_f1": [
    0.20689655172413793,
    0.7225806451612903,
    0.7744874715261959,
    0.7326732673267327,
    0.7579617834394905
  ],
  "dev_error_rate": 26.45290581162325,
  "dev_macro_f1": 0.6416187742871168,
  "dev_weighted_f1": 0.7487611523168315,
  "dev_ece": 0.20750557420726767,
  "stopping_strategy": "baseline",
  "phase1_seed_strategy": "last",
  "phase1_best_epoch": null,
  "lambda1_mean": 1.0469776879310422,
  "lambda1_std": 0.20573311017549598,
  "lambda2_mean": 0.6046091909916549,
  "lambda2_std": 0.17758386906194829
}