{
  "task": "informative",
  "modality": "text_only",
  "budget": 10,
  "seed_set": 2,
  "test_error_rate": 16.94915254237288,
  "test_macro_f1": 0.7749860085573469,
  "test_weighted_f1": 0.8133125402187041,
  "test_macro_precision": 0.8796656527787603,
  "test_macro_recall": 0.7481430112498073,
  "test_weighted_precision": 0.8537571600588111,
  "test_weighted_recall": 0.8305084745762712,
  "test_ece": 0.11498315253500209,
  "test_per_class_f1": [
    0.8867595818815331,
    0.6632124352331606
  ],
  "dev_error_rate": 18.881118881118887,
  "dev_macro_f1": 0.7461956318013726,
  "dev_weighted_f1": 0.7902048324167362,
  "dev_ece": 0.1310305126669751,
  "stopping_strategy": "baseline",
  "phase1_seed_strategy": "last",
  "phase1_best_epoch": null,
  "lambda1_mean": 1.0725293600260282,
  "lambda1_std": 0.10297693991153475,
  "lambda2_mean": 0.7931466851219819,
  "lambda2_std": 0.1094282838893818
}