{
  "task": "informative",
  "modality": "text_image",
  "budget": 50,
  "seed_set": 1,
  "test_error_rate": 11.082138200782266,
  "test_macro_f1": 0.8733703928149668,
  "test_weighted_f1": 0.8887119545183113,
  "test_macro_precision": 0.876651490455443,
  "test_macro_recall": 0.8703594544613962,
  "test_weighted_precision": 0.8884602164130099,
  "test_weighted_recall": 0.8891786179921773,
  "test_ece": 0.057170667035949585,
  "test_per_class_f1": [
    0.918111753371869,
    0.8286290322580645
  ],
  "dev_error_rate": 12.778130959949141,
  "dev_macro_f1": 0.8516269634005387,
  "dev_weighted_f1": 0.8705671355046065,
  "dev_ece": 0.05870302255488626,
  "stopping_strategy": "baseline",
  "phase1_seed_strategy": "last",
  "phase1_best_epoch": null,
  "lambda1_mean": 1.0269090712301034,
  "lambda1_std": 0.11389227823754608,
  "lambda2_mean": 0.8465202559472964,
  "lambda2_std": 0.18522311406177977
}