{
  "task": "informative",
  "modality": "image_only",
  "budget": 50,
  "seed_set": 3,
  "test_error_rate": 13.624511082138202,
  "test_macro_f1": 0.8486230193523774,
  "test_weighted_f1": 0.8650340781742384,
  "test_macro_precision": 0.8428539623936698,
  "test_macro_recall": 0.8559870550161812,
  "test_weighted_precision": 0.8676149702515138,
  "test_weighted_recall": 0.863754889178618,
  "test_ece": 0.08381734137584824,
  "test_per_class_f1": [
    0.8964834076275384,
    0.8007626310772163
  ],
  "dev_error_rate": 13.98601398601399,
  "dev_macro_f1": 0.8416896924005929,
  "dev_weighted_f1": 0.8602085758483862,
  "dev_ece": 0.09273976129251757,
  "stopping_strategy": "baseline",
  "phase1_seed_strategy": "last",
  "phase1_best_epoch": null,
  "lambda1_mean": 1.0116914800795385,
  "lambda1_std": 0.15812968728641819,
  "lambda2_mean": 0.8290575952673521,
  "lambda2_std": 0.22869732334460424
}