{
  "task": "humanitarian",
  "modality": "text_image",
  "budget": 10,
  "seed_set": 1,
  "test_error_rate": 16.649214659685864,
  "test_macro_f1": 0.7630304167328109,
  "test_weighted_f1": 0.8386522198815365,
  "test_macro_precision": 0.7306588835583355,
  "test_macro_recall": 0.8747069308416826,
  "test_weighted_precision": 0.8580064798393563,
  "test_weighted_recall": 0.8335078534031414,
  "test_ece": 0.07674296351627531,
  "test_per_class_f1": [
    0.47368421052631576,
    0.8333333333333334,
    0.8571428571428571,
    0.817658349328215,
    0.8333333333333334
  ],
  "dev_error_rate": 18.637274549098194,
  "dev_macro_f1": 0.7053996704772375,
  "dev_weighted_f1": 0.8209344762490141,
  "dev_ece": 0.06962958826330713,
  "stopping_strategy": "baseline",
  "phase1_seed_strategy": "last",
  "phase1_best_epoch": null,
  "lambda1_mean": 1.0684949911462498,
  "lambda1_std": 0.15843662372694217,
  "lambda2_mean": 0.6645725701908706,
  "lambda2_std": 0.1935000241784208
}