{
  "task": "informative",
  "modality": "text_only",
  "budget": 10,
  "seed_set": 3,
  "test_error_rate": 16.94915254237288,
  "test_macro_f1": 0.8035785695571407,
  "test_weighted_f1": 0.8285171787826031,
  "test_macro_precision": 0.8116055275570202,
  "test_macro_recall": 0.7972857913391893,
  "test_weighted_precision": 0.8279054458064072,
  "test_weighted_recall": 0.8305084745762712,
  "test_ece": 0.08157099179214419,
  "test_per_class_f1": [
    0.8763082778306375,
    0.7308488612836439
  ],
  "dev_error_rate": 17.291799109980932,
  "dev_macro_f1": 0.7982100679902504,
  "dev_weighted_f1": 0.8243646497557258,
  "dev_ece": 0.09630214595824987,
  "stopping_strategy": "baseline",
  "phase1_seed_strategy": "last",
  "phase1_best_epoch": null,
  "lambda1_mean": 1.081196093888521,
  "lambda1_std": 0.09579022858503747,
  "lambda2_mean": 0.7795292151133827,
  "lambda2_std": 0.10383707897247402
}