{
  "task": "informative",
  "modality": "image_only",
  "budget": 25,
  "seed_set": 2,
  "test_error_rate": 12.581486310299873,
  "test_macro_f1": 0.8552356792792246,
  "test_weighted_f1": 0.8731949850575139,
  "test_macro_precision": 0.8612762785149843,
  "test_macro_recall": 0.8500751271382339,
  "test_weighted_precision": 0.8729030927426229,
  "test_weighted_recall": 0.8741851368970013,
  "test_ece": 0.07863120118828767,
  "test_per_class_f1": [
    0.9076112972714218,
    0.8028600612870276
  ],
  "dev_error_rate": 13.095994914176734,
  "dev_macro_f1": 0.8466548169348946,
  "dev_weighted_f1": 0.866730758839519,
  "dev_ece": 0.09043531723258907,
  "stopping_strategy": "baseline",
  "phase1_seed_strategy": "last",
  "phase1_best_epoch": null,
  "lambda1_mean": 1.0528111711688148,
  "lambda1_std": 0.09593908153228749,
  "lambda2_mean": 0.8189147734490951,
  "lambda2_std": 0.16226839951607439
}