{
  "task": "informative",
  "modality": "text_only",
  "budget": 25,
  "seed_set": 2,
  "test_error_rate": 16.623207301173405,
  "test_macro_f1": 0.8009340329674859,
  "test_weighted_f1": 0.8286557476623981,
  "test_macro_precision": 0.8248649956724491,
  "test_macro_recall": 0.7870473108337186,
  "test_weighted_precision": 0.8313690816059486,
  "test_weighted_recall": 0.833767926988266,
  "test_ece": 0.0908227245841841,
  "test_per_class_f1": [
    0.8817802503477051,
    0.7200878155872668
  ],
  "dev_error_rate": 17.22822631913541,
  "dev_macro_f1": 0.7917129423100508,
  "dev_weighted_f1": 0.8213866185099633,
  "dev_ece": 0.10751845691890678,
  "stopping_strategy": "baseline",
  "phase1_seed_strategy": "last",
  "phase1_best_epoch": null,
  "lambda1_mean": 1.072832139516696,
  "lambda1_std": 0.09618651537046052,
  "lambda2_mean": 0.7830426185765406,
  "lambda2_std": 0.10694497804781715
}