{
  "task": "informative",
  "modality": "text_only",
  "budget": 10,
  "seed_set": 1,
  "test_error_rate": 15.580182529335074,
  "test_macro_f1": 0.8015701153095715,
  "test_weighted_f1": 0.833106485552698,
  "test_macro_precision": 0.8704374524297895,
  "test_macro_recall": 0.7765757435660349,
  "test_weighted_precision": 0.8550335907307138,
  "test_weighted_recall": 0.8441981747066493,
  "test_ece": 0.1092749310674381,
  "test_per_class_f1": [
    0.8935412026726058,
    0.7095990279465371
  ],
  "dev_error_rate": 17.73680864589956,
  "dev_macro_f1": 0.7711627776013615,
  "dev_weighted_f1": 0.8083502632199506,
  "dev_ece": 0.1174577670876418,
  "stopping_strategy": "baseline",
  "phase1_seed_strategy": "last",
  "phase1_best_epoch": null,
  "lambda1_mean": 1.0827443089410302,
  "lambda1_std": 0.0845333912574205,
  "lambda2_mean": 0.7954278143769554,
  "lambda2_std": 0.09924975611345453
}