{
  "task": "informative",
  "modality": "text_image",
  "budget": 5,
  "seed_set": 1,
  "test_error_rate": 28.878748370273797,
  "test_macro_f1": 0.5207828685104441,
  "test_ece": 0.19998468138092973,
  "test_per_class_f1": [
    0.8228708516593363,
    0.21869488536155202
  ],
  "dev_error_rate": 29.434202161474886,
  "dev_macro_f1": 0.5099896184668837,
  "dev_ece": 0.21238603549479534,
  "stopping_strategy": "baseline",
  "phase1_seed_strategy": "last",
  "phase1_best_epoch": null,
  "lambda1_mean": 0.956315793182674,
  "lambda1_std": 0.12675615501541915,
  "lambda2_mean": 0.6381018992451595,
  "lambda2_std": 0.15061020731035155
}