{
  "task": "informative",
  "modality": "image_only",
  "budget": 25,
  "seed_set": 1,
  "test_error_rate": 12.516297262059972,
  "test_macro_f1": 0.8562192328646216,
  "test_weighted_f1": 0.8739601022754434,
  "test_macro_precision": 0.861570067833143,
  "test_macro_recall": 0.851573817229157,
  "test_weighted_precision": 0.8736434600845813,
  "test_weighted_recall": 0.8748370273794003,
  "test_ece": 0.08085773417038901,
  "test_per_class_f1": [
    0.9079578139980825,
    0.8044806517311609
  ],
  "dev_error_rate": 12.71455816910363,
  "dev_macro_f1": 0.8511211814901889,
  "dev_weighted_f1": 0.8706123872228339,
  "dev_ece": 0.08890088704916142,
  "stopping_strategy": "baseline",
  "phase1_seed_strategy": "last",
  "phase1_best_epoch": null,
  "lambda1_mean": 1.0492774356930195,
  "lambda1_std": 0.11191636922108955,
  "lambda2_mean": 0.8144125401416266,
  "lambda2_std": 0.19207520531266767
}