{
  "task": "informative",
  "modality": "text_only",
  "budget": 5,
  "seed_set": 3,
  "test_error_rate": 17.275097783572356,
  "test_macro_f1": 0.7994637699390513,
  "test_weighted_f1": 0.8250592912533568,
  "test_macro_precision": 0.8080812686831839,
  "test_macro_recall": 0.7928321004777316,
  "test_weighted_precision": 0.8244485387011297,
  "test_weighted_recall": 0.8272490221642764,
  "test_ece": 0.09879430129910385,
  "test_per_class_f1": [
    0.8741092636579573,
    0.7248182762201454
  ],
  "dev_error_rate": 16.910362364907815,
  "dev_macro_f1": 0.7996742452678427,
  "dev_weighted_f1": 0.8267736472868115,
  "dev_ece": 0.1045535856648304,
  "stopping_strategy": "baseline",
  "phase1_seed_strategy": "last",
  "phase1_best_epoch": null,
  "lambda1_mean": 1.0731554372016963,
  "lambda1_std": 0.09917865448618028,
  "lambda2_mean": 0.7839111450959176,
  "lambda2_std": 0.10626426774785575
}