{
  "task": "informative",
  "modality": "text_only",
  "budget": 5,
  "seed_set": 2,
  "test_error_rate": 16.10169491525424,
  "test_macro_f1": 0.7892823159158037,
  "test_weighted_f1": 0.8243730361494278,
  "test_macro_precision": 0.8821639767954714,
  "test_macro_recall": 0.762053089844352,
  "test_weighted_precision": 0.8586026001889827,
  "test_weighted_recall": 0.8389830508474576,
  "test_ece": 0.107538060189226,
  "test_per_class_f1": [
    0.8916191311978938,
    0.6869455006337135
  ],
  "dev_error_rate": 17.67323585505404,
  "dev_macro_f1": 0.7677634457940867,
  "dev_weighted_f1": 0.8066669067280867,
  "dev_ece": 0.1158236852134782,
  "stopping_strategy": "baseline",
  "phase1_seed_strategy": "last",
  "phase1_best_epoch": null,
  "lambda1_mean": 1.077132619985528,
  "lambda1_std": 0.1099085324930248,
  "lambda2_mean": 0.7803785217045786,
  "lambda2_std": 0.1065000983420667
}