{
  "task": "informative",
  "modality": "image_only",
  "budget": 10,
  "seed_set": 2,
  "test_error_rate": 13.885267275097778,
  "test_macro_f1": 0.8382647098568625,
  "test_weighted_f1": 0.8591247735453823,
  "test_macro_precision": 0.8495414473966343,
  "test_macro_recall": 0.8297272306981045,
  "test_weighted_precision": 0.8592622958080293,
  "test_weighted_recall": 0.8611473272490222,
  "test_ece": 0.09054377939275222,
  "test_per_class_f1": [
    0.8990999526290857,
    0.7774294670846394
  ],
  "dev_error_rate": 13.795295613477432,
  "dev_macro_f1": 0.8362835996782662,
  "dev_weighted_f1": 0.8585376003461687,
  "dev_ece": 0.10123846884070886,
  "stopping_strategy": "baseline",
  "phase1_seed_strategy": "last",
  "phase1_best_epoch": null,
  "lambda1_mean": 1.0727494222301552,
  "lambda1_std": 0.07127614620565556,
  "lambda2_mean": 0.7380205163765081,
  "lambda2_std": 0.14849427406459112
}