{
  "task": "informative",
  "modality": "image_only",
  "budget": 10,
  "seed_set": 1,
  "test_error_rate": 13.363754889178614,
  "test_macro_f1": 0.8443392747448678,
  "test_weighted_f1": 0.8644158618629267,
  "test_macro_precision": 0.8558065971945689,
  "test_macro_recall": 0.8356372322391741,
  "test_weighted_precision": 0.8646479652814754,
  "test_weighted_recall": 0.8663624511082139,
  "test_ece": 0.08759638643793209,
  "test_per_class_f1": [
    0.9028896257697774,
    0.7857889237199582
  ],
  "dev_error_rate": 13.795295613477432,
  "dev_macro_f1": 0.8370588575059204,
  "dev_weighted_f1": 0.8589235205703125,
  "dev_ece": 0.09625818050369969,
  "stopping_strategy": "baseline",
  "phase1_seed_strategy": "last",
  "phase1_best_epoch": null,
  "lambda1_mean": 1.0439406263498956,
  "lambda1_std": 0.1233199837729385,
  "lambda2_mean": 0.8092774625424655,
  "lambda2_std": 0.18956551028360827
}