{
  "task": "humanitarian",
  "modality": "text_only",
  "budget": 25,
  "seed_set": 3,
  "test_error_rate": 24.921465968586386,
  "test_macro_f1": 0.6416008548210221,
  "test_weighted_f1": 0.7641881513335848,
  "test_macro_precision": 0.6151394029985001,
  "test_macro_recall": 0.7541123494314983,
  "test_weighted_precision": 0.7960291082616878,
  "test_weighted_recall": 0.7507853403141361,
  "test_ece": 0.16094070382767328,
  "test_per_class_f1": [
    0.21052631578947367,
    0.7017543859649122,
    0.7991218441273326,
    0.7315010570824524,
    0.7651006711409396
  ],
  "dev_error_rate": 26.45290581162325,
  "dev_macro_f1": 0.6420099935463877,
  "dev_weighted_f1": 0.748759034341784,
  "dev_ece": 0.1794674473857593,
  "stopping_strategy": "baseline",
  "phase1_seed_strategy": "last",
  "phase1_best_epoch": null,
  "lambda1_mean": 1.0587667231659317,
  "lambda1_std": 0.20903785939319308,
  "lambda2_mean": 0.5774695470140314,
  "lambda2_std": 0.1725599525837427
}