{
  "task": "informative",
  "modality": "text_only",
  "budget": 10,
  "seed_set": 1,
  "test_error_rate": 14.602346805736632,
  "test_macro_f1": 0.8254654208037969,
  "test_ece": 0.10328689209796305,
  "test_per_class_f1": [
    0.8960074280408542,
    0.7549234135667396
  ],
  "dev_error_rate": 17.67323585505404,
  "dev_macro_f1": 0.7870108439415371,
  "dev_ece": 0.1197646369391464,
  "stopping_strategy": "baseline",
  "phase1_seed_strategy": "last",
  "phase1_best_epoch": null,
  "lambda1_mean": 1.0745413381987043,
  "lambda1_std": 0.10133152264516992,
  "lambda2_mean": 0.7750395719923757,
  "lambda2_std": 0.12339367925399534
}