{
  "task": "informative",
  "modality": "text_only",
  "budget": 50,
  "seed_set": 3,
  "test_error_rate": 14.993481095176008,
  "test_macro_f1": 0.8240348399246704,
  "test_weighted_f1": 0.8472415579568696,
  "test_macro_precision": 0.8384971746717633,
  "test_macro_recall": 0.8138754045307444,
  "test_weighted_precision": 0.8478011128399999,
  "test_weighted_recall": 0.8500651890482399,
  "test_ece": 0.05099586118619791,
  "test_per_class_f1": [
    0.891713747645951,
    0.7563559322033898
  ],
  "dev_error_rate": 15.575333757151943,
  "dev_macro_f1": 0.8162499707962445,
  "dev_weighted_f1": 0.8408268711053248,
  "dev_ece": 0.060661804653320536,
  "stopping_strategy": "baseline",
  "phase1_seed_strategy": "last",
  "phase1_best_epoch": null,
  "lambda1_mean": 1.0716221592102753,
  "lambda1_std": 0.0923787884624208,
  "lambda2_mean": 0.8042006589423922,
  "lambda2_std": 0.11110399575914104
}