{
  "task": "informative",
  "modality": "text_only",
  "budget": 50,
  "seed_set": 2,
  "test_error_rate": 17.20990873533247,
  "test_macro_f1": 0.8039673549998547,
  "test_weighted_f1": 0.8274543910487869,
  "test_macro_precision": 0.8055921052631578,
  "test_macro_recall": 0.8024368161504083,
  "test_weighted_precision": 0.8270837402150447,
  "test_weighted_recall": 0.8279009126466753,
  "test_ece": 0.05519776001592039,
  "test_per_class_f1": [
    0.8724637681159421,
    0.7354709418837675
  ],
  "dev_error_rate": 16.719643992371267,
  "dev_macro_f1": 0.8054306474043953,
  "dev_weighted_f1": 0.830437426947022,
  "dev_ece": 0.05641461176547898,
  "stopping_strategy": "baseline",
  "phase1_seed_strategy": "last",
  "phase1_best_epoch": null,
  "lambda1_mean": 1.0588337758178448,
  "lambda1_std": 0.10552184498302447,
  "lambda2_mean": 0.8046549825819392,
  "lambda2_std": 0.12271681829394865
}