{
  "task": "informative",
  "modality": "image_only",
  "budget": 10,
  "seed_set": 3,
  "test_error_rate": 13.885267275097778,
  "test_macro_f1": 0.840749992079951,
  "test_weighted_f1": 0.8602927940816477,
  "test_macro_precision": 0.8452170118836786,
  "test_macro_recall": 0.8368200030821391,
  "test_weighted_precision": 0.8598662179713897,
  "test_weighted_recall": 0.8611473272490222,
  "test_ece": 0.0977493764291065,
  "test_per_class_f1": [
    0.8977436389822372,
    0.783756345177665
  ],
  "dev_error_rate": 13.477431659249838,
  "dev_macro_f1": 0.8432477456134413,
  "dev_weighted_f1": 0.863359984104101,
  "dev_ece": 0.0883211238097781,
  "stopping_strategy": "baseline",
  "phase1_seed_strategy": "last",
  "phase1_best_epoch": null,
  "lambda1_mean": 1.0576489857639184,
  "lambda1_std": 0.0914752355272532,
  "lambda2_mean": 0.8060641394227356,
  "lambda2_std": 0.18029252698601542
}